email,pass
"email1@gmail.com","pass1"
"email2@gmail.com","pass2"
"email3@gmail.com","pass3"
"email4@gmail.com","pass4"
"email5@gmail.com","pass5"
"email6@gmail.com","pass6"
"email7@gmail.com","pass7"
"email8@gmail.com","pass8"
"email9@gmail.com","pass9"
"email10@gmail.com","pass10"
"email11@gmail.com","pass11"
"email12@gmail.com","pass12"
"email13@gmail.com","pass13"
"email14@gmail.com","pass14"
"email15@gmail.com","pass15"
"email16@gmail.com","pass16"
"email17@gmail.com","pass17"
"email18@gmail.com","pass18"
"email19@gmail.com","pass19"
"email20@gmail.com","pass20"
"email21@gmail.com","pass21"
"email22@gmail.com","pass22"
"email23@gmail.com","pass23"
"email24@gmail.com","pass24"
"email25@gmail.com","pass25"
"email26@gmail.com","pass26"
"email27@gmail.com","pass27"
"email28@gmail.com","pass28"
"email29@gmail.com","pass29"
"email30@gmail.com","pass30"
"email31@gmail.com","pass31"
"email32@gmail.com","pass32"
"email33@gmail.com","pass33"
"email34@gmail.com","pass34"
"email35@gmail.com","pass35"
"email36@gmail.com","pass36"
"email37@gmail.com","pass37"
"email38@gmail.com","pass38"
"email39@gmail.com","pass39"
"email40@gmail.com","pass40"
"email41@gmail.com","pass41"
"email42@gmail.com","pass42"
"email43@gmail.com","pass43"
"email44@gmail.com","pass44"
"email45@gmail.com","pass45"
"email46@gmail.com","pass46"
"email47@gmail.com","pass47"
"email48@gmail.com","pass48"
"email49@gmail.com","pass49"
"email50@gmail.com","pass50"
